{
  "camera": {
    "owner": 2,
    "position_x": -11.916305541992188,
    "position_y": -13.91748046875,
    "position_z": 0.0,
    "rotation": 0.0
  }
}
