{
  "camera": {
    "owner": 0,
    "position_x": 0.5377111434936523,
    "position_y": 0.2882964611053467,
    "position_z": 0.0,
    "rotation": 0.0
  }
}
