{
  "camera": {
    "owner": 0,
    "position_x": -8.988288879394531,
    "position_y": -12.85207748413086,
    "position_z": 0.0,
    "rotation": 0.0
  }
}
