{
  "camera": {
    "owner": 5,
    "position_x": -10.8604736328125,
    "position_y": -6.7403564453125,
    "position_z": 0.0,
    "rotation": 0.0
  }
}
